{
  "model_version": "m1-baseline",
  "mu": [
    0.14893617021276592,
    0.148936170212766,
    0.14893617021276595,
    0.14893617021276592,
    5.702127659574468,
    0.14893617021276598,
    0.2553191489361702,
    0.14893617021276595,
    0.200886524822695,
    -0.2634751863770678,
    0.0425531914893617,
    0.10212765957446814,
    0.0851063829787234,
    0.1276595744680851,
    0.1276595744680851,
    0.10638297872340426,
    0.10638297872340426,
    0.10638297872340426,
    0.0851063829787234,
    0.0851063829787234,
    0.0851063829787234,
    0.0851063829787234,
    0.3404255319148936,
    0.3404255319148936,
    0.3191489361702128
  ],
  "inv_sigma": [
    8.724672904952646,
    15.881842959905368,
    20.798903609373955,
    24.69855822321486,
    0.16213838563272792,
    7.808097202318743,
    2.293365171429053,
    2.8087872319358254,
    2.61039616994163,
    5.852864910859671,
    1.4644658391969259,
    8.137384492507213,
    3.5837164028162083,
    2.996610551397691,
    2.9966105513976906,
    3.243308128909064,
    3.243308128909064,
    3.243308128909065,
    3.5837164028162083,
    3.5837164028162083,
    3.5837164028162083,
    3.5837164028162083,
    2.1103622988146062,
    2.110362298814606,
    2.1452466835619
  ],
  "dim": 25
}