{
  "model_version": "m3-test",
  "mu": [
    0.14893617021276595,
    0.14893617021276595,
    0.14893617021276592,
    0.148936170212766,
    6.382978723404255,
    0.14893617018242716,
    0.2765957446808511,
    0.14893617021276595,
    0.20177304964539014,
    -0.263829796276595,
    0.0425531914893617,
    0.1021276595744681,
    0.0851063829787234,
    0.1276595744680851,
    0.1276595744680851,
    0.10638297872340426,
    0.10638297872340426,
    0.10638297872340426,
    0.0851063829787234,
    0.0851063829787234,
    0.0851063829787234,
    0.0851063829787234,
    0.3404255319148936,
    0.3404255319148936,
    0.3191489361702128
  ],
  "inv_sigma": [
    8.329354158847945,
    15.516067969095888,
    20.875903476486858,
    26.358778036806527,
    0.13152115302934264,
    7.967849835926332,
    2.2355620225261217,
    2.808787231935825,
    2.61853678662768,
    5.856801950245592,
    1.5362430585824416,
    7.350932153305789,
    3.5837164028162083,
    2.996610551397691,
    2.9966105513976906,
    3.243308128909064,
    3.243308128909064,
    3.243308128909065,
    3.5837164028162083,
    3.5837164028162083,
    3.5837164028162083,
    3.5837164028162083,
    2.1103622988146062,
    2.110362298814606,
    2.1452466835619
  ],
  "dim": 25
}